id,Media,Date,Title,Author,Description
1,novel,1733,Memoirs of the Twentieth Century,Samuel Madden,A guardian angel travels to 1728 with letters from 1997 and '98
2,novel,1838,Missing One's Coach: An Anachronism,Anonymous Dublin University Magazine,Traveler picked up by a stagecoach but is suddenly transported back over a thousand years.
3,novel,1843,A Christmas Carol,Charles Dickens,"Ghosts accompanies Scrooge into the past to show his life, then the future to show the consequences of his heartlessness if he does not change his ways."
4,novel,1861,Paris Before Men,Pierre Boitard,"Magic of a ""lame demon"" allows main character to interact with prehistoric life."
5,novel,1881,The Clock That Went Backward,Edward Page Mitchell,A clock that has the power to take people back in time.
6,novel,1887,El Anacronopete,Enrique Gaspar y Rimbau,"First to introduce a time machine, originally written as a zarzuela in 1881, released as a novel in 1887."
7,novel,1887,Looking Backward: 2000-1887,Edward Bellamy,"Julian West towards the end of the 19th century, falls into a deep, hypnosis-induced sleep and wakes up 113 years later."
8,novel,1888,A Dream of John Ball,William Morris,Describes a time travel encounter between the medieval and modern worlds.
9,novel,1888,"""The Chronic Argonauts""",H. G. Wells,"Inventor takes another with him in a time machine, before deciding to leave to a time where he will fit in more."
10,novel,1889,A Connecticut Yankee in King Arthur's Court,Mark Twain,19th century citizen goes to King Arthur's time (528 AD).
11,novel,1891,Tourmalin's Time Cheques,Thomas A. Gutherie,Time travel and the paradoxes that can result from it.
12,novel,1892,Golf in the Year 2000,J. McCullough,A man falls asleep in 1892 and wakes up in the year 2000. Noted for its accurate predictions of the year 2000.
13,novel,1895,The Time Machine,H. G. Wells,"Inventor creates a time machine and travels to the year 802,701 A.D., where he finds humanity have evolved into two races, Morlocks and Eloi."
14,novel,1919,Enoch Soames,Max Beerbohm,Enoch is transported 100 years into the future (1997) to see if he became a great writer or not – a Faustian-like pact with the Devil is involved.
15,novel,1928,Armageddon 2419 A.D.,Philip Francis Nowlan,Anthony Rogers is transported to the year 2419 by a strange cave gas. Later became the comic strip Buck Rogers.
16,novel,1936,Burnt Norton,T. S. Eliot,"Begins with ""Time present and time past// Are both perhaps present in time future..."""
17,novel,1939,A Traveller in Time,Alison Uttley,Child goes back into Derbyshire of the Babbington Plot and Mary Queen Of Scots.
18,novel,1941,By His Bootstraps,Robert A. Heinlein,Circular paradox-character is brought to the future where he later operates a time machine to bring himself to the future
19,novel,1942,All-Star Comics #10,,Justice Society of America use a time ray to travel 500 years into the future and get an effective bombing defence to protect America.
20,novel,1946,Vintage Season,"""Lawrence O'Donnell"" (joint pseudonym of C. L. Moore andHenry Kuttner",Time travellers from the future experience wonderful seasons and spectacular events in the past.
21,novel,1947,All-Star Comics #35,,"Villain Per Degaton murders a scientist who has invented a time machine and tries to use it to change history, causing modern technology from the Present, meaning he can then conquer America with technology protected from the effects."
22,novel,1950,Pebble in the Sky,Isaac Asimov,A retired tailor from the mid-20th Century is accidentally pitched forward into the future
23,novel,1951,The Gauntlet[disambiguation needed],Ronald Welch,"After putting on a gauntlet, a boy finds himself transported back to Wales in 1326"
24,novel,1952,"""A Sound of Thunder""",Ray Bradbury,Changes in the past affect the future; part of the genealogy of the term Butterfly effect
25,novel,1953,Bring the Jubilee,Ward Moore,A time traveller from an alternate reality appears at the Battle of Gettysburg and alters his own future into ours.
26,novel,1954,Experiment,Fredric Brown,An experiment involving the time travel of a small brass cube results in disaster.[1]
27,novel,1955,The End of Eternity,Isaac Asimov,Use time machines to transfer goods between centuries
28,novel,1955,"""The Discovery of Morniel Mathaway""",William Tenn,"Historian returns to mid-20th century to study artist whose works he finds himself having to create, so the past is a product of the future's interest in the past."
29,novel,1955–1995,"Time Patrol, plus 10 others",Poul Anderson,"Series of 11 novels related to the Time Patrol, an organization which protects the past."
30,novel,1956,Extempore,Damon Knight,Man learns how to travel through time.
31,novel,1956,Pawley's Peepholes,John Wyndham,Time travellers from the future disrupt life in a small town life by treating it as a quaint place for sightseeing.
32,novel,1956,The Stars My Destination,Alfred Bester,"In a future in which self-teleportation is common, Gully Foyle discovers how to teleport himself through time as well."
33,novel,1957,Wythnos yng Nghymru Fydd (A Week in the Wales of the Future),Islwyn Ffowc Elis,"A novel in the Welsh language, in which the narrator travels to Wales on two occasions in the year 2033 and encounters contrasting future scenarios each time."
34,novel,1957,The Door into Summer,Robert A. Heinlein,"After thirty years trapped in suspended animation, a man uses a time machine to go back and exact revenge on his friend and fiancée for stealing his business."
35,novel,1957,The Last Word,Damon Knight,Tale of Armageddon and the Devil.
36,novel,1957,Soldier From Tomorrow,Harlan Ellison,A soldier comes back from the future to warn against the path toward global conflict.
37,novel,1957,Double Indemnity,Robert Sheckley,Everett Barthold travels through time to find an ancestor lookalike who can be used to defraud an insurance company.
38,novel,1958,The Men Who Murdered Mohammed,Alfred Bester,"Comedy in which a professor travels back in time to kill someone by killing their grandparent, but the results confound him. Explores many time travel scenarios in a short story format."
39,novel,1959,—All You Zombies—,Robert A. Heinlein,Circular paradox – the hero is both his own mother and his own father; in addition he manipulates his younger self using a time machine to make his own birth happen.
40,novel,1959,The Day We Explored the Future,Donald Keith,Boy Scouts find an abandoned time machine and visit the year 4000 AD. (First of a 23-story Time Machine series appearing 1959–1989 in Boys' Life.)
41,novel,1960,The Weirdstone of Brisingamen,Alan Garner,"Colin and Susan go back in time in the caves of Alderley Edge in Cheshire – crystal bracelet, magic great wolf included."
42,novel,1961,"Danny Dunn, Time Traveler",Raymond Abrashkin and Jay Williams,A couple of teenagers use their professor's time machine to study the history of the US.
43,novel,1962,Fantastic Four vol 1 No. 19,Stan Lee and Jack Kirby,"The Fantastic Four travel to Ancient Egypt, and meet Pharaoh Rama-Tut, who is really another time traveller, from the 31st century. First appearance of Marvel Comics time-travelling villain Kang."
44,novel,1963,The Other End of the Line,Walter Tevis,George Bletzo mistakenly call his own phone number and talks to his own person in a few months into the future. Predestination in play.
45,novel,1964,Time Tunnel,Murray Leinster,Large immobile masses of iron in the earth's crust enable two-way travel between two points in the planet's history.
46,novel,1964–present,Doctor Who,various authors,More than 530 original novels and novelisations based on the popular TV show.
47,novel,1965,The Ship that Sailed the Time Stream,G. C. Edmondson,"Ensign Joe Rate, ""captain of a wooden ship in a predominantly atomic navy"", is transported, with his ship and crew, first back to the time of the Vikings, then to the time of the Romans."
48,novel,1966,The Green Bronze Mirror,Lynne Ellison,"Teenage girl finds ancient mirror buried in sand, looks into it, is transported back in time to the Roman Empire – where she is mistaken for a runaway slave."
49,novel,1966,The Man From When,Dannie Plachta,A man inadvertently destroys the world in order to travel back eighteen minutes in time.
50,novel,1968,Hawksbill Station,Robert Silverberg,"A time machine is used by an oppressive government for deporting political prisoners a billion years in the past, to the Pre-Cambrian era."
51,novel,1969,Slaughterhouse-Five,Kurt Vonnegut,A man is randomly traveling through time in his life jumping from one event to another in no particular order.
52,novel,1969,Up the Line,Robert Silverberg,Time travel as guided tours to past historical events.
53,novel,1969,The House on the Strand,Daphne du Maurier,Drug-induced trip back to 14th century Cornish Village.
54,novel,1969,Behold the Man,Michael Moorcock,"A man travels in a time machine to 28 AD, hoping to meet the historical Jesus."
55,novel,1970,Chronocules,D. G. Compton,A millionaire establishes a research village to experiment with time travel.
56,novel,1970,Time and Again,Jack Finney,Uses hypnosis to travel through time.
57,novel,1970,The Year of the Quiet Sun,Wilson Tucker,The government uses a forward-traveling time machine to survey the future and adjust its policies accordingly.
58,novel,1972,Time's Last Gift,Philip José Farmer,"Four scientists/anthropologists travel from 2070 A.D. to 12,000 B.C."
59,novel,1973,Time Enough for Love,Robert A. Heinlein,Lazarus Long travels in time to 1916 and falls in love with his own mother.
60,novel,1973,The Man Who Folded Himself,David Gerrold,Main character receives a belt that allows him to travel through time. Complications ensue.
61,novel,1973,Crusade in Jeans,Thea Beckman,"Rudolf Hefting is a fourteen year-old who volunteers for an experiment with a time machine. The experiment goes well, but he ends up accidentally stranded in the 13th century. He saves the life of Leonardo Fibonacci, without realizing who he is, and together they join the German Children's Crusade, where he aids the children and manages to save most of the children from horrible fates with the aid of his twentieth-century knowledge and a couple of items from the future (such as a box of matches)."
62,novel,1975,Bid Time Return,Richard Matheson,"A young man sees an old photograph of a woman, and through hypnosis travels back in time from 1980 to 1912 to meet her. Basis of the 1980 film Somewhere in Time."
63,novel,1976,"""An Infinite Summer""",Christopher Priest,"Time travelers from the future journey through the 20th century and use a device to ""freeze"" small groups of people into ""tableaux"" which they find interesting. The people in each tableau then become invisible and permeable to others, until the effect wears off, sometimes after many years."
64,novel,1977,Time Storm,Gordon R. Dickson,"A cosmic anomaly sweeps the Earth, subdividing the surface into irregular zones whose ""present"" is a randomly determined historical period of the past or future, which changes at irregular intervals. One man attempting to rescue his ex-wife accumulates a group of refugees from throughout history."
65,novel,1977,Rotating Cylinders and the Possibility of Global Causality Violation,Larry Niven,"A half-finished Tipler cylinder is discovered by a future human explorer. When the leader decides to complete it, his civilization is destroyed by a nova."
66,novel,1978,"""The Very Slow Time Machine""",Ian Watson,"An enigmatic traveler from the future, in a time vessel which cannot be breached, baffles scientists in his past. (His messages include: ""you must travel through time by an equal amount of accumulate hindward potential..."")"
67,novel,1979,Time After Time,Karl Alexander,"H. G. Wells builds a time machine, which is stolen by Jack the Ripper so he can escape the authorities and continue his killing spree in the future."
68,novel,1979,Morlock Night,K. W. Jeter,What happened when H. G. Wells' time machine returned from the future.
69,novel,1979,Closing the Timelid,Orson Scott Card,A man uses time travel to experience the sensation of death.
70,novel,1980,Timescape,Gregory Benford,Use of tachyons to warn scientists of the past about an upcoming disaster.
71,novel,1980,Thrice Upon a Time,James P. Hogan,Messages are sent back through time which deletes the timeline in which it exists.
72,novel,1980,A Rebel in Time,Harry Harrison,Time machine misuse. U.S. Government aids the Confederacy with submachine guns.
73,novel,1980,Kindred,Octavia Butler,"Dana, an African American woman, is inexplicably transported from 1976 Los Angeles to early 19th century Maryland. She meets her ancestors: Rufus, a white slave holder, and Alice, an African-American woman who was born free but forced into slavery later in life."
74,novel,1980,The Restaurant at the End of the Universe,Douglas Adams,"Milliways is frozen in the last moment of the universe before it succumbs to final entropy, requiring time travel to reach it. Menu prices are astronomical, but patrons are advised to deposit a penny in a bank account now. By the time a patron reaches the final moment of history, compound interest will have transformed the penny into a fortune large enough to pay the bill."
75,novel,1980,The Man Who Loved Morlocks,David J. Lake,"H. G. Wells' time traveller confronts the Morlocks again, this time equipped with a camera and revolver."
76,novel,1981,"The Many-Colored Land, first book of the Saga of the Pliocene Exile series",Julian May,"Time travellers from the late 21st/early 22nd century go through a one-way time portal to the Earth's Pliocene period, already controlled by humanoid extraterrestrials."
77,novel,1982,"Life, the Universe and Everything",Douglas Adams,"Time travel paradoxes form the basis of broad comedy, as in the case of the ancient poet Lallafa."
78,novel,1983,Millennium,John Varley,"In the far distant future, a time-travel team snatches the passengers of a plane collision, leaving prefabricated bodies behind for the rescue teams to find. Basis of the 1989 film."
79,novel,1983,The Anubis Gates,Tim Powers,"In 1983, a millionaire discovers time-travel gates and organizes a trip to the past to attend a lecture by Samuel Taylor Coleridge in 1810. A professor hired by the millionaire is trapped in 19th-century London."
80,novel,1984,"""The Toynbee Convector""",Ray Bradbury,"A stagnating civilization of the 1980s is revitalized when a man produces evidence of a future utopia, apparently obtained through time travel. Mankind is inspired by the evidence to actually achieve this utopia."
81,novel,1985,"""The Proteus Operation""",James P. Hogan,"In a world dominated by a victorious Third Reich, the besieged forces of freedom mount a covert military mission back to 1939 in a desperate attempt to alter the outcome of World War II."
82,novel,1985,Star Trek: Ishmael,Barbara Hambly,"Spock is aboard a Klingon ship when it travels back in time to Seattle in 1867. He discovers a Klingon plot to destroy the United Federation of Planets by assassinating an ancestor of his mother, a prominent local businessman who will later be instrumental in repelling an invasion by the alien Karsids."
83,novel,1986,Highway of Eternity,Clifford D. Simak,People from the future run to the past to avoid the fate of being forced into a non-corporeal form.
84,novel,1986,Running Against Time,Stanley Shapiro,"In an effort to prevent the Vietnam War, a man travels back in time to prevent the assassination of John F. Kennedy."
85,novel,1987,A Tale of Time City,Diana Wynne Jones,"A girl, Vivian Smith, is kidnapped while being evacuated from London during World War II, and is caught up in a struggle to preserve history."
86,novel,1988,Replay,Ken Grimwood,A man in 1988 suffers a heart attack and finds himself back in his life in 1963.
87,novel,1988,"""Ripples in the Dirac Sea""",Geoffrey A. Landis,"A man inventing a time machine using Dirac's theories of negative energy travels to the 1960s and discovers he can participate in the past, but not change it (Nebula Award 1989)"
88,novel,1988,Lightning,Dean Koontz,A time traveler from Nazi Germany interferes with the life of a young woman in the future.
89,novel,1989,Hyperion,Dan Simmons,"A great warrior, the Shrike, is sent from the future for an unknown reason. Main characters will travel through time in a very complex timeline."
90,novel,1990,"Four Past Midnight: ""The Langoliers""",Stephen King,"An airplane accidentally flies through a rip in space/time and appears in the ""used time"" of yesterday, in which dreadful ""Langoliers"" eat the past."
91,novel,1992,The Guns of the South,Harry Turtledove,"During American Civil War, South African white supremacists give the Confederacy AK-47s."
92,novel,1992,From Time to Time,Jack Finney,Use of hypnosis to travel through time.
93,novel,1992,Doomsday Book,Connie Willis,"Travel through time from 2048 to 14th century, constrained by automatic avoidance of paradoxes."
94,novel,1992,Outlander,Diana Gabaldon,Travel through time from 1940s to 1740s. Woman time travels through standing stones in Scotland.
95,novel,1992,Dragonfly in Amber,Diana Gabaldon,"Time-travel romance, the second of a trilogy (after Outlander, 1991). 1960s to 18th century."
96,novel,1993,Voyager,Diana Gabaldon,"Time-travel romance, the third of the Outlander series. Time travel from the 20th century to 18th century."
97,novel,1993,The Cross Time Engineer,Leo Frankowski,20th Century Polish Engineer is transported back to 13th century Poland 10 years before the Mongol invasion.
98,novel,1995,The Hundred-Light-Year-Diary,Greg Egan,"After the invention of a method for sending messages back in time, history of the future becomes common knowledge, and every person knows their own fate."
99,novel,1995,The Time Ships,Stephen Baxter,Authorised sequel to H. G. Wells' The Time Machine.
100,novel,1996,Drums of Autumn,Diana Gabaldon,"Time-travel romance, the fourth of the Outlander series. Time travel from the 20th century to 18th century."
101,novel,1996,Timequake,Kurt Vonnegut,People in 2001 are transported back to 1991 to relive their lives.
102,novel,1996,The Dechronization of Sam Magruder,George Gaylord Simpson,A scientist working in the year 2162 is thrown back in time 80 million years to the Jurassic period.
103,novel,1996,Pastwatch: The Redemption of Christopher Columbus,Orson Scott Card,Researchers look back in time to see Christopher Columbus's arrival in the New World in order to save the world from ecological disaster.
104,novel,1996,Animorphs,K. A. Applegate,"In book 11, the Animorphs and Visser 3 are sent back a few hours to the Amazon by a Saurio Rip, with the plot used again in Altermorph 1. The same concept is uses to sent the animorphs back to time to 65 million B.C. in Megamorph 2. In the Andalite Chronicles, Elfangor discovers a technology known as the Time Matrix, seen again in Megamorph 3."
105,novel,1996,"""The Devil on the Road""",Robert Westall,A young motorbiker takes shelter in a barn in Suffolk during a storm and is transported back to the 17th Century at the time of the English Civil War.
106,novel,1997,In the Garden of Iden,Kage Baker,"This is the first book of Baker's The Company series, all of which involve time travel."
107,novel,1997,Making History,Stephen Fry,Two men in the present attempt to prevent the birth of Adolf Hitler.
108,novel,1997,To Say Nothing of the Dog,Connie Willis,A comedy in which time travelers from 2048 travel back to the 19th century in order to find an artifact for a dictatorial wealthy woman; adventures occur in The Blitz and other occasions.
109,novel,1997,Corrupting Dr. Nice,John Kessel,"Modeled on 1930s screwball comedies; set in Cretaceous, 40 AD Jerusalem and 2060 AD. Features a scene with a dinosaur in a hotel room."
110,novel,1998,The Transall Saga,Gary Paulsen,"A boy gets transported to a weird world by a blue light, only to discover that it is the dark future of planet Earth"
111,novel,1998,Island in the Sea of Time,S. M. Stirling,Nantucket is transported 3000 years back in time because of a space disturbance.
112,novel,1999,King of Shadows,Susan Cooper,A modern day boy switches places with a Shakespearean actor who needs to be cured by modern medicine so as to return to his own age and help Shakespeare to greater success on the stage.
113,novel,1999,All of an Instant,Richard Garfinkle,People from three atemporal time tribes must unite to save the crystallization and fracturing of all of history.
114,novel,1999,Timeline,Michael Crichton,Historians travel to and become stuck in the Middle Ages.
115,novel,1999,Harry Potter and the Prisoner of Azkaban,J. K. Rowling,"Hogwarts student Hermione Granger acquires a Time-Turner, a magical necklace that allows her to travel back in time on a daily basis in order to take an unusually large courseload. The device is later used to manipulate the events of a single night to aid a wrongly accused convict's escape."
116,novel,2000,The Light of Other Days,"Arthur C. Clarke, Stephen Baxter","Wormhole-based ""time viewer"" can observe people and events from any point throughout time and space."
117,novel,2000,1632,Eric Flint,West-Virginian town is taken back to the Thirty Years' War in Germany and gives them insight to the future.
118,novel,2001,The Fiery Cross,Diana Gabaldon,"Time-travel romance, the fifth of the Outlander series. Time travel from the 20th century to 18th century."
119,novel,2001,The Chronoliths,Robert Charles Wilson,"Monuments from the future appear in the early 21st century, precipitating a global political collapse."
120,novel,2001,Thief of Time,Terry Pratchett,Unfreezing and freezing of time using a small mechanism.
121,novel,2001,Paratime,H. Beam Piper,Shorts stories of lateral time movement and alternate universes.
122,novel,2002,Meridian,John Schettler,"ForeWord Magazine Silver Medal Winner for Sci-fi Book of The Year, 2002. The first ever experiment in time travel sets off a ""Time War"" where opposing sides struggle to alter key events on the Meridians of Time. Five book series: Meridian, Nexus Point, Touchstone, Anvil of Fate, Golem 7."
123,novel,2002,Night Watch,Terry Pratchett,Character interacts with a younger version of himself.
124,novel,2002,"Counting Up, Counting Down",Harry Turtledove,Time travel with the twin perspectives of a man who travels back in time for relationship stability.
125,novel,2002,Guardian,Joe Haldeman,"Born in 1858, Rosa journeys from the Civil War South to the Northeast, marries a villainous husband, and flees with their 14-year-old boy Daniel for the Klondike Gold Rush, all before learning that the talking,shapeshifting raven she sometimes encounters is a Guardian. Raven allows her to journey through space and time, then restores her to her ""present"" in 1898, now an adjacent universe, with comic and romantic results."
126,novel,2002,Thief!,Malorie Blackman,A huge storm traps a girl who is accused of being a thief and takes her into the future.
127,novel,2002,Kaleidoscope Century,John Barnes,Takes place on Mars. A man has a virus that puts him to sleep every 15 years and he wakes 10 younger.
128,novel,2002,The Eyre Affair,Jasper Fforde,Sleuth Thursday Next gets caught in overlapping vortices of time and alternate reality as a villain tries to eradicate a literary classic.
129,novel,2003-ongoing,Haruhi Suzumiya,Nagaru Tanigawa,"Two characters, Mikuru Asahina and Fujiwara, are time travelers from the future and many parts of the storyline involve time traveling."
130,novel,2003,The Time Traveler's Wife,Audrey Niffenegger,"Man with a rare genetic disorder unpredictably travels in time, living his life out of sequence."
131,novel,2004,Axis of Time,John Birmingham,A naval task-force from 2021 is accidentally sent back to the battle of Midway.
132,novel,2004,The Spark of God (orig. title:L'Éclat de Dieu),Romain Sardou,Describes the First Crusade and the beginning of the Knights Templar in the future.
133,novel,2004,Pen Pal,Lou Antonelli,Loops in a man's life told through a narrative that goes from future to present.
134,novel,2004–2005,Warcraft: War of the Ancients Trilogy,Richard A. Knaak,"A human, a dragon and an orc travel back in time to help save Azeroth from the Burning Legion."
135,novel,2005,A Breath of Snow and Ashes,Diana Gabaldon,"Time-travel romance, the sixth of the Outlander series. Time travel from the 20th century to 18th century."
136,novel,2005,Mammoth,John Varley,Multibillionaire clones a mammoth and sends it back in time.
137,novel,2006,Sojourn,Jana G. Oliver,A Time Rover from 2057 returns to 1888 London in search of a missing time tourist only to be caught in the Jack the Ripper murders and the history-changing plots of a mysterious group of shape-shifters called Transitives.
138,novel,2006,The Plot to Save Socrates,Paul Levinson,Time travelers from 2042 to prevent Socrates from consuming hemlock.
139,novel,2006,Artemis Fowl: The Lost Colony,Eoin Colfer,"Fifth book in the Artemis Fowl series. Artemis must pair up with his old comrade Captain Holly Short to track down the missing demon, before the spell that holds a demon island, Hybras, in limbo dissolves completely and the lost demon colony returns violently to Earth. Artemis also ends up saving Holly by manipulating time."
140,novel,2007,Rant: An Oral Biography of Buster Casey,Chuck Palahniuk,"Characters participate in ""Party Crashing"" which can, under certain conditions, cause time travel."
141,novel,2007,Meet The Robinsons,Steve Anderson,Principal character meets his future son and then travels to the future to meet his family.
142,novel,2007,The Accidental Time Machine,Joe Haldeman,"A research assistant at the Massachusetts Institute of Technology accidentally creates a forward-traveling time machine. Each leap forward in time, which he takes to get out of trouble, lands him each time in deeper trouble."
143,novel,2007,The Lifehouse Trilogy,Spider Robinson,"3 books (Mindkiller (1982), Time Pressure (1988), LifeHouse (1997)) chronicle the story of visitors from Earth's future visiting the past to essentially harvest souls."
144,novel,2007,Virtual Evil,Jana G. Oliver,"A Time Rover from 2057 is sent to 1888 London to find Harter Defoe, the first time traveler who is slowly going insane."
145,novel,2008,Madman's Dance,Jana G. Oliver,"Abandoned in a Victorian insane asylum, memories erased, a Time Rover from 2057 must find a way to thwart a plot from the future that will remake British history."
146,novel,2008,The Little Book,Selden Edwards,"The last heir of a Boston banking family wakes up in Vienna in the time leading up to the Second World War. He meets with his father, grandfather, Sigmund Freud, Mark Twain, Mahler and others."
147,novel,2008,Artemis Fowl: The Time Paradox,Eoin Colfer,"Sixth book in the Artemis Fowl series. After Angeline Fowl contracts spelltropy, Artemis travels back in time eight years to when he was ten years old to find a lemur that can help cure his mother. The plot twist in the end of the book creates a circular timeline that started the series."
148,novel,2008,Found,Margaret Peterson Haddix,Thirteen year olds Jonah and Chip find out that they are missing children from time and go on a journey along with Jonah's sister Katherine to uncover many secrets.
149,novel,2009,An Echo in the Bone,Diana Gabaldon,"Time-travel romance, the seventh of the Outlander series. Time travel from the 20th century to 18th century."
150,novel,2009,Ruby Red original title: Rubinrot (German),Kerstin Gier,"A story about a girl, Gwendolyn Shepherd, who can travel in time with a machine, called chronograph."
151,novel,2009,Sent,Margaret Peterson Haddix,"Jonah, Katherine, Chip and Alex are sent back to 1483 to learn that Chip is actually King Edward V and Alex is his brother Richard, Duke of York."
152,novel,2010,Expiration Date,Duane Swierczynski,Hardboiled pulp tale of an ex-journalist who discovers pills in his grandfather's medicine cabinet that transport him back in time to the 1970s.
153,novel,2010,Sabotaged,Margaret Peterson Haddix,Jonah and Katherine go on yet another mission to return a missing kid named Andrea(really Virginia Dare) to her time in the Roanoke Colony.
154,novel,2010,Blackout and All Clear,Connie Willis,Time travelers from 2048 go to the London Blitz during World War II to observe and end up being part of it. Novel published in two parts.
155,novel,2010,How to Live Safely in a Science Fictional Universe,Charles Yu,"In search of his father, a time machine mechanic adventures through time accompanied by TAMMY and his ontologically valid dog, Ed, all while documenting his travels in a manual for future travellers."
156,novel,2011,Time for Patriots,Thomas Wm. Hamilton,"A military academy and some neighbors are sent back to 1770 by a physics experiment gone awry. They get involved with Washington, Franklin, the Bey of Algiers, Mozart, and others. The novel ends a month after the first lunar landing, in 1926."
157,novel,2011,World of Warcraft: Thrall: Twilight of the Aspects,Christie Golden,"Thrall, an orc shaman, travels through time and alternative reality in order to find his inner strength."
158,novel,2011,11/22/1963,Stephen King,"A man travels through a time portal to 1958, intending to stop Lee Harvey Oswald from shooting John F. Kennedy."
159,novel,2011-2013,Fairy Tail,Hiro Mashima,Two time travellers : Lucy Heartfilia and Rogue Cheney both use a device called the Eclipse Gate from the Book of Zeref to travel back in time for different purposes.
160,novel,2012,Amber House,"Kelly Moore, Tucker Reed, Larkin Reed","A teen girl uses psychometry to alter events in the past, changing the present and future."
161,novel,2013,Captain Underpants and the Revolting Revenge of the Radioactive Robo-Boxers,Dav Pilkey,"George Beard and Harold Hutchins, two fourth graders, use a homemade time machine to travel 65 million years into the past."
162,novel,2014,Neverwas,"Kelly Moore, Tucker Reed, Larkin Reed",An unforeseen change in the past necessitates the use of psychic abilities to reset the present and future.
163,movie,921,A Connecticut Yankee in King Arthur's Court,Emmett J. Flynn,The first of several film adaptations of Mark Twain's classic.
164,movie,1933,Berkeley Square,Frank Lloyd,A contemporary man is transported back to 18th century London where he meets his ancestors and falls in love with a woman of the period.
165,movie,1949,A Connecticut Yankee in King Arthur's Court,Tay Garnett,Very loosely based on Mark Twain's story in which a mechanic (Bing Crosby) is knocked out and wakes up in the land of King Arthur.
166,movie,1957,The Undead,Roger Corman,"A woman is sent back in time via hypnosis to the Middle Ages, where she may be executed by the people of that time on suspicion of being a witch."
167,movie,1960,The Time Machine,George Pal,"Loose adaption of H. G. Wells's classic in which a time traveler enters a future where the world is broken up into two classes, the peaceful Eloi and the malevolent masters of the world, the Morlocks."
168,movie,1962,La jetée,Chris Marker,"The hero is haunted by a memory from his childhood, which turns out to be himself as an adult. (La jetée inspired the full-length feature 12 Monkeys.)"
169,movie,1964,The Time Travelers,Ib Melchior,A time travel experiment that was supposed to produce a window into different times is actually a portal.
170,movie,1965,Dr. Who and the Daleks,Gordon Flemyng,"Based on the BBC TV series. In this, the Doctor is an inventor not an alien. His TARDIS device takes the Doctor and companions to the future of an alien world."
171,movie,1966,Daleks – Invasion Earth: 2150 A.D.,Gordon Flemyng,Based on the BBC TV series. In this the Doctor is an inventor not an alien. His TARDIS device takes the Doctor and companions to a future London devastated by war.
172,movie,1967,Journey to the Center of Time,David L. Hewitt,Scientists develop a time machine and travel to the far future and the distant past. A remake of The Time Travelers.
173,movie,1968,Planet of the Apes,Franklin J. Schaffner,George Taylor (played by Charlton Heston) travels to a future Earth inhabited by intelligent talking apes.
174,movie,1970,Beneath the Planet of the Apes,Ted Post,"Another astronaut, Brent, travels to the future Earth ruled by apes. His search for Taylor leads to an underground city of nuclear mutants."
175,movie,1971,Escape from the Planet of the Apes,Don Taylor,Three apes escape Earth's destruction by salvaging and repairing the astronaut Taylor's spaceship and piloting it through a time warp back to 1973.
176,movie,1972,Slaughterhouse-Five,George Roy Hill,A man travels to various times and places from his life in addition to another planet.
177,movie,1973,Idaho Transfer,Peter Fonda,"Due to an impending disaster that threatens to destroy mankind, a time machine is built by a group of young scientists to transport themselves into the future to rebuild civilization."
178,movie,1973,Ivan Vasilievich: Back to the Future,Leonid Gaidai,"Engineer Shurik has invented a time machine in his apartment. By accident, he sends two people back into the time of Ivan IV while the real Ivan IV is sent by the same machine into Shurik's apartment."
179,movie,1978,Superman,Richard Donner,Superman circles the Earth at tremendous speeds allowing him to travel back in time to just before an earthquake created by Lex Luthor.
180,movie,1979,Time After Time,Nicholas Meyer,"Using a time machine, Jack the Ripper and H. G. Wells travel from 1893 London to 1979 San Francisco."
181,movie,1980,The Final Countdown,Don Taylor,A storm at sea transports a nuclear warship back in time from the 1980s to the 1940s.
182,movie,1980,Somewhere in Time,Jeannot Szwarc,"A young man sees an old photograph of a woman, and through hypnosis travels back in time from 1980 to 1912 to meet her. Based on Matheson's 1975 novel ""Bid Time Return"""
183,movie,1981,Time Bandits,Terry Gilliam,A young boy unwittingly joins a band of dwarves as they travel through time hunting treasure.
184,movie,1982,Timerider: The Adventure of Lyle Swann,William Dear,"The hero travels by means of ""time cannons""."
185,movie,1983,Twilight Zone: The Movie,"John Landis, Steven Spielberg, Joe Dante andGeorge Miller","Big-screen adaptations of three classic episodes from the popular 1950s and 1960s Rod Serling television series, plus a new segment featuring a bigot who is transported into the lives of past victims of racism."
186,movie,1984,The Terminator,James Cameron,A cyborg (played by Arnold Schwarzenegger) is sent back in time from 2029 to 1984 to destroy humanity by killing the future mother of its future savior.
187,movie,1984,The Philadelphia Experiment,Stewart Raffill,"In 1943, an anti-radar experiment accidentally sends two sailors forward in time to 1984. Nancy Allen and Michael Paré star in this film."
188,movie,1984,Non ci resta che piangere,Roberto Benigni andMassimo Troisi,"The school janitor Mario (Massimo Troisi) and the teacher Saverio (Roberto Benigni) have an automobile breakdown, decide to spend the night in an inn, and the next morning they awake in the Florence of the 16th century."
189,movie,1985,Back to the Future,Robert Zemeckis,"Time travel is achieved by means of a flux capacitor installed in a DeLorean DMC12 sports car. Marty McFly intervenes in his parents' first meeting, preventing them from falling in love, and placing his own existence in danger."
190,movie,1985,Trancers,Charles Band,Jack Deth is a kind of cop/bounty hunter in a future dystopic Los Angeles.
191,movie,1985,My Science Project,Jonathan R. Betuel,Michael and Ellie break into a military junkyard to find a science project. They find an orb that dangerously bends time and have to stop it to save the world.
192,movie,1985,The Blue Yonder,Mark Rossman,An 11-year-old goes back in time to prevent his grandfather from making a fatal plane flight across the Atlantic. Aired on The Disney Sunday Movie under the name Time Flyer. [2] [3]
193,movie,1986,Peggy Sue Got Married,Francis Ford Coppola,"Peggy Sue Bodell faints at her high school reunion. When she wakes up, she finds herself in her own past, just before she finished high school."
194,movie,1986,Biggles: Adventures in Time,John Hough,"Unassuming catering salesman Jim Ferguson falls through a time hole to 1917 where he saves the life of dashing Royal Flying Corps pilot James ""Biggles"" Bigglesworth after his photo recon mission is shot down. Before he can work out what has happened, Jim is zapped back to the 1980s."
195,movie,1986,Star Trek IV: The Voyage Home,Leonard Nimoy,"To save Earth, Admiral James T. Kirk and his crew travel back in time to retrieve the beings who can communicate with an alien probe (humpback whales)."
196,movie,1986,Outlaws,Nicholas Corea,Five cowboys of the 1880s are sent forward through time 100 years and fight crime.
197,movie,1986,Flight of the Navigator,Randal Kleiser,"In 1978, a boy winds up 8 years into the future, and discovers an alien spaceship brought him there."
198,movie,1986,Kin-dza-dza,Georgiy Daneliya,A Russian dystopian comedy. Uncle Vova asks a person from the planet Alpha to move him and Fiddler back in time to save two aliens who got imprisoned because of the main hero's actions.
199,movie,1987,Masters of the Universe,David Odell,"The villain uses a camcorder-like gadget that shows the past, and an inventor opens up wormholes to other timestreams allowing the heroine (a young Courteney Cox) to save her parents from dying."
200,movie,1987,Timestalkers,Michael Schulz,A professor who's lost his family finds evidence of a time traveller in Old West memorabilia.
201,movie,1988,The Navigator: A Medieval Odyssey,Vincent Ward,Medieval travelers from 14th century England tunnel through Earth and burst into 20th century New Zealand.
202,movie,1989,Field of Dreams,Phil Alden Robinson,"Major league baseball players from the early 20th century time travel to the present year of 1989. When Ray Kinsella is in Minnesota searching for former major-leaguer ""Moonlight"" Graham, he is mysteriously transported from 1989 to 1972 where he encounters Graham as an elderly doctor."
203,movie,1989,Back to the Future Part II,Robert Zemeckis,"Sequel to Back to the Future, Part II follows Marty McFly and Doc Brown as they go to the year 2015 to prevent Marty's kids from ruining the McFly family's reputation. Along the way, an old Biff Tannen steals the DeLorean so he can give a sports almanac to himself in the past, and win millions of dollars gambling. This creates a hellish alternate 1985 that it's up to Marty and the Doc to correct."
204,movie,1989,Bill & Ted's Excellent Adventure,Stephen Herek,"Two teenagers (Alex Winter and Keanu Reeves) will not graduate from high school unless they pull an ""A"" on their history project. A time traveler (George Carlin) visits them to help because their success on this report is vital as it ensures they will stay together to create a Utopian future. As Bill & Ted travel through time, they encounter historical figures including Socrates, Joan of Arc, and Billy the Kid."
205,movie,1989,Millennium,Michael Anderson,"Time travelers from the far future steal people already destined to die, such as in plane crashes, in order to restock humankind in their own desolate future. Based on the 1983 John Varley novel."
206,movie,1989,Warlock,Steve Miner,"A warlock in the 17th century who has been sentenced to death for witch craft is transported to the 20th century, followed by a witch hunter who must stop the warlock finding the Grand Grimoire."
207,movie,1990,Frankenstein Unbound,Roger Corman,"A scientist creates a weapon that causes your enemy to disappear but has a side effect of causing shifts in time. The scientist is transported back in time to 1817 and he meets Doctor Frankenstein and his monster as well as Mary Shelley, who in this film wrote her novel based on true events."
208,movie,1990,Back to the Future Part III,Robert Zemeckis,"Sequel to Back to the Future Part II. In the final installment of the trilogy, Marty McFly goes back to 1885 to stop an outlaw from killing Doc Brown in a duel, and bring him back home to 1985."
209,movie,1991,Terminator 2: Judgment Day,James Cameron,Sequel to The Terminator.
210,movie,1992,Bill & Ted's Bogus Journey,Peter Hewitt,Sequel to Bill & Ted's Excellent Adventure. Two evil robot versions of Bill & Ted are sent back in time to kill them.
211,movie,1992,Army of Darkness,Sam Raimi,"Central character Ash (Bruce Campbell), a supermarket employee, is sent back in time by a specific book to the 14th century."
212,movie,1992,Freejack,Geoff Murphy,The rich in a future where time travel has been invented snatch people from history a moment before their death in order to use the bodies as hosts for their own minds after death.
213,movie,1992,Timescape (or:Grand Tour: Disaster in Time),David Twohy,"Ben Wilson and daughter Hillary are visited by a strange group of travelers looking for lodging. The travelers are from the future, intending to witness an impending catastrophe. Based on the novel Vintage Season by Henry Kuttnerand C.L. Moore."
214,movie,1993,Teenage Mutant Ninja Turtles III,Stuart Gillard,The turtles go back in time to feudal Japan to retrieve a kidnapped April.
215,movie,1993,Les Visiteurs,Jean-Marie Poiré,A 12th-century knight and his servant travel in time to the end of the 20th century and find themselves adrift in modern society.
216,movie,1993,The Philadelphia Experiment II,Stephen Cornwell,"A disastrous experiment in 1993 sends a stealth aircraft through a time portal, into 1943 Germany. A sailor is pulled into the portal, and finds himself in the terrifying 1993 that resulted from a Nazi victory in World War II."
217,movie,1993,12.01,Jack Sholder,"Barry Thomas is an average office worker. He becomes attracted to Lisa, a scientist in the same company. After work, Barry witnesses the murder of Lisa and goes to a bar to get drunk. That night, there is a storm and Barry gets a shock from a lamp's faulty power wire at exactly 12:01 a.m. The next few days, he realizes the world is trapped in a time loop, with himself the only one aware of it. Barry must prevent Lisa's murder and stop the time loop or be caught in time forever."
218,movie,1993,Groundhog Day,Harold Ramis,"Weatherman Phil Connors is trapped in 2 February in the town of Punxsutawney, Pennsylvania when he finds the same day repeating over and over."
219,movie,1994,Time Chasers,David Giancola,An amateur inventor goes through time with an airplane to stop a villain from changing history for profit.
220,movie,1994,A.P.E.X.,Phillip J. Roth,"A time-travel experiment in which a robot probe is sent from the year 2073 to the year 1973 goes terribly wrong thrusting one of the project scientists, a man named Nicholas Sinclair into a plague ravaged alternate time-line whose war weary inhabitants are locked in a constant battle with killer robots which are automatically being sent there from Sinclair's lab. To escape this situation, Sinclair must find a similar time machine in this alternate world and prevent the disaster from ever happening."
221,movie,1994,Star Trek Generations,David Carson,USS Enterprise Captains James T. Kirk and Jean-Luc Picard meet through the effects of an energy ribbon.
222,movie,1994,Timecop,Peter Hyams,"Includes a prohibition against changing the past. The Time Enforcement Commission (TEC) is created to prevent alterations to the past. This causes a dilemma for the hero, Max Walker, who has to prevent time-travelers from altering time, but is tempted to do so to prevent his wife's death."
223,movie,1995,12 Monkeys,Terry Gilliam,James Cole tries to change the past but fails. It therefore runs on the principle of a fixed timeline (the Novikov self-consistency principle).
224,movie,1996,Doctor Who,Geoffrey Sax,This film involves the Doctor in his eighth incarnation and has a showdown with the Master.
225,movie,1996,Star Trek: First Contact,Jonathan Frakes,The USS Enterprise follows the Borg back in time to stop them from altering history and preventing Earth's first warp flight and first contact with the Vulcans.
226,movie,1997,Time Under Fire [1],Jeff Fahey,"A US submarine runs into a time rift. A special unit goes on a mission to see what's on the other side. They find themselves in an alternate dystopian America, now a one-man dictatorship. They decide to help the rebels."
227,movie,1999,Time at the Top[2],"Timothy Busfield, Elisha Cuthbert, Gabrielle Boni,Matthew Harbour","14-year old Susan Shawson travels back in time in her building's elevator, as altered by a retired physicist living in her building. It transports her from Philadelphia of 1998 back to the same place in other years depending on the order of buttons pushed. In 1881 she meets Victoria Walker, a girl her own age in need of assistance with her own family problems. Gradually discovering the power of her time machine, Susan, Victoria, and her young brother Robert travel back and forth in time and succeed in changing both the past and the future."
228,movie,1999,Lost in Space,Stephen Hopkins,"In 2058, a family undertakes a voyage to a nearby star system to begin large-scale emigration from a soon-to-be uninhabitable Earth, but are thrown off course by a saboteur and must try to find their way home."
229,movie,1999,Austin Powers: The Spy Who Shagged Me,Jay Roach,Dr. Evil is back and has invented a time machine that allows him to go back to the 1960s so he can steal Austin Powers' mojo.
230,movie,1999,Galaxy Quest,Dean Parisot,A jump back in time of 13 seconds is all the time lead actor Jason Nesmith (Tim Allen) needs to save his crew from being killed.
231,movie,1999,The Time Shifters,Mario Philip Azzopardi,"A reporter, learning of time travelers visiting 20th century disasters, tries to change the history they know by averting upcoming disasters."
232,movie,1999 (UK) 2000 (USA),S Club 7: Back to the 50's [3],Andrew Margetson,A music group finds a time portal while on their way to Los Angeles and find themselves in a desert town in the year 1959 under the control of a gang with a corrupted sheriff as an ally. The group learns about the fate of a local chef at a diner and tries to prevent certain disaster despite threats against them from both the sheriff and the gang.
233,movie,2000,Frequency,Gregory Hoblit,"An accidental cross-time radio link connects father and son across 30 years. The son tries to save his father's life, but then must fix the consequences."
234,movie,2000,Ditto,Kim Jeong-gwon,"Two people separated in time are somehow able to talk to each other using an amateur radio. The people in question are two students in the same school, one in 1979, the other in 2000."
235,movie,2000,Disney's The Kid,Jon Turteltaub,A 40-year old image consultant (Bruce Willis) finds himself being visited by his 10-year old self.
236,movie,2000,Il Mare,Lee Hyun-seung,"The two protagonists both live in a lake house two years apart in time, but are able to communicate through a mysterious post box. This movie inspired the 2006 American film The Lake House."
237,movie,2001,Black Knight,Gil Junger,"After falling into a theme park's fetid moat, a custodian (Martin Lawrence) crawls out into fourteenth century England. The Middle Ages will never be the same."
238,movie,2001,Donnie Darko,Richard Kelly,"A teenager travels through time using wormholes, a man in a bunny suit, and the modern ritual of sleeping on golf courses."
239,movie,2001,Just Visiting,Jean-Marie Poiré,"A medieval knight and his serf travel to 21st century Chicago, meeting the knight's descendant. But they must travel back to their time to ensure her birth."
240,movie,2001,Kate & Leopold,James Mangold,A Duke time travels from 1876 to the present and falls in love with a career woman in New York.
241,movie,2001,Pokémon 4Ever,Kunihiko Yuyama Jim Malone,The film focuses on Celebi who travels to the future and returns with a boy named Sam when being chased by a hunter.
242,movie,2002,Returner,Takashi Yamazaki,"The human race is on the edge of annihilation after decades of war with an alien force. In an outpost in Tibet, mankind's last hope of survival is a time travel device."
243,movie,2002,The Time Machine,Simon Wells,"Remake of 1960s version of the film, directed by H. G. Wells' great-grandson, has little in common with H. G. Wells's original novel."
244,movie,2002,Time Changer,Rich Christiano,A Bible professor from 1890 comes forward in time to the present via a time machine and cannot believe the things that he sees.
245,movie,2002,Timequest,Robert Dyke,A time traveler changes history by warning Jackie Kennedy about the future.
246,movie,2002,Austin Powers in Goldmember,Jay Roach,"Upon learning that his father has been kidnapped, Austin Powers must travel to 1975 and defeat the villain Goldmember – who is working with Dr. Evil."
247,movie,2002,Das Jesus Video,Sebastian Niemann,"In Israel, a student in archaeology is seeking a video camera hidden 2000 years ago by a mysterious time traveler."
248,movie,2003,Bottom Live 2003: Weapons Grade Y-Fronts Tour,Rick Mayall,Eddie Hitler builds a time traveling toilet which he calls the TURDIS.
249,movie,2003,Timeline,Richard Donner,Film adaptation of the book by Michael Crichton.
250,movie,2003,Terminator 3: Rise of the Machines,Jonathan Mostow,Sequel to The Terminator and Terminator 2: Judgment Day.
251,movie,2004,Harry Potter and the Prisoner of Azkaban,Alfonso Cuarón,"Hermione Granger receives a Time-Turner from Professor McGonagall, so she can attend more classes than time would normally allow. She and Harry later use the Time-Turner to save Sirius Black and Buckbeak."
252,movie,2004,Primer,Shane Carruth,"Time travelers can only use the time machine to travel to when the machine was first turned on. But you can bring a second running time machine back with you and after leaving the first machine, climb in the second. Aaron obsessively returns to a party one night to prevent a murder and become a hero."
253,movie,2004,The Butterfly Effect,Eric Bress & J. Mackye Gruber,A college psychology student (Ashton Kutcher) learns he can temporarily travel to his past and change it. The time traveling in this film involves a process initiated by reading childhood journals.
254,movie,2004,13 Going on 30,Gary Winick,A 13-year old girl makes a birthday wish and wakes up as a 30-year old woman.
255,movie,2005,Fetching Cody,David Ray,"Distraught over his drug-addicted girlfriend, Cody (Sarah Lind), who's overdosed and fallen into a coma, small-time dope peddler Art (Jay Baruchel) uses a time machine to journey into the past in a desperate gamble to change her future."
256,movie,2005,The Jacket,John Maybury,A amnesiac Persian Gulf War veteran (Adrien Brody) is subjected to an experimental treatment which moves him forward 15 years.
257,movie,2005,A Sound of Thunder,Peter Hyams,"For an extraordinary price, Time Safaris, Inc. will take clients through a wormhole to a time in pre-history to hunt dinosaur game. Based loosely on the 1952 short story by Ray Bradbury, with the Butterfly Effect portrayed as much more pronounced."
258,movie,2005,Summer Time Machine Blues,Katsuyuki Motohiro,"Five college boys in a sci-fi club break their air-conditioner's remote control. In the sweltering clubhouse, a time machine appears and they go back in time to retrieve a functioning controller, but this causes complications."
259,movie,2006,The Lake House,Alejandro Agresti,Time travel romance where two people living in the same house at a lake at different times are able to exchange letters through its mailbox and fall in love.
260,movie,2006,Click,Frank Coraci,"Adam Sandler is given a remote that lets him fast forward, pause, and rewind his life."
261,movie,2006,The Girl Who Leapt Through Time,Mamoru Hosoda,A teenage girl discovers that she can leap through time.
262,movie,2006,Déjà Vu,Tony Scott,Denzel Washington is an ATF agent investigating a terrorist act who is invited to assist in a government time travel surveillance project.
263,movie,2006,Idiocracy,Mike Judge,"Luke Wilson as Corporal Joe Bauers (later ""Not Sure"") a U.S. Army librarian, along with a prostitute named Rita are selected for a suspended animation experiment which is supposed to last one year but which is forgotten for five hundred years."
264,movie,2007,Bender's Big Score,Dwayne Carey-Hill,"Alien scammers discover the code for time travel tattooed on Philip J. Fry's buttocks, and use it to send Bender back in time to steal priceless artifacts."
265,movie,2007,Disney's Meet the Robinsons,Stephen J. Anderson,"Young Lewis is taken to the year 2037 by his future son Wilbur to stop a ""Bowler Hat Guy"" who has stolen Lewis' memory scanning machine."
266,movie,2007,Premonition,Mennan Yapo,"House wife (Sandra Bullock) learns that her husband died in a car crash the previous day, but wakes up next morning to find him well and alive, and awakens the next day to a time when it has been a few weeks since he had died."
267,movie,2008,Timecrimes,Nacho Vigalondo,A man accidentally travels back to the past and meets himself there.
268,movie,2008,Minutemen,Lev L. Spiro,"Three high-school outcasts use a time machine that one invented to save their classmates from embarrassing moments. Their time-travel creates a black hole, which could destroy the world."
269,movie,2008,Stargate: Continuum,Martin Wood,Ba'al (Cliff Simon) changes the timeline so that SG-1 or the Stargate program never existed. Three people were unaffected by the change but are unable to do anything until Ba'al and the system lords arrive.
270,movie,2009,Star Trek,J. J. Abrams,"Spock's attempt to prevent a supernova fails, resulting in the destruction of the Romulan homeworld. The captain of a Romulan mining ship blames Spock, and both the Romulans and Spock fall through a black hole to the past, creating an alternate reality."
271,movie,2009,Mr. Nobody,Jaco Van Dormael,"A romantic drama about Nemo Nobody (Jared Leto), a 118-year-old man and the last mortal on Earth, who can predict the future and tells of alternate life paths, often changing course with the flick of a decision."
272,movie,2009,The Time Traveler's Wife,Robert Schwentke,"A romantic drama about a Chicago librarian (Eric Bana) with a gene that causes him to involuntarily time travel, and the complications it creates for his marriage. Based on the Audrey Niffenegger novel."
273,movie,2009,Frequently Asked Questions About Time Travel,Gareth Carrivick,Two geeks and a cynic attempt to navigate a time-travel conundrum in the middle of a British pub. Faris plays a girl from the Future who sets the adventure in motion.
274,movie,2009,Disney's A Christmas Carol,Robert Zemeckis,"Miserly moneylender Ebenezer Scrooge is visited by the ghosts of Christmas Past, Present and Future, in order to change his ways."
275,movie,2009,Land of the Lost,Brad Silberling,
276,movie,2010,Action Replayy,Vipul Amrutlal Shah,"A young man named Bunty uses a time machine created by his girlfriend's grandfather to meet his own parents before they were married, and help them develop a more loving relationship."
277,movie,2010,The Disappearance of Haruhi Suzumiya,Tatsuya Ishihara,"Kyon is the only one who knows two of his classmates are missing and everything is different. To restore his life, he gathers several keys to power an alien device and travel back three years."
278,movie,2010,Hot Tub Time Machine,Steve Pink,"Four friends spend a crazy, drunken night in a hot tub at a ski resort only to travel back in time to 1986. They are each presented with an opportunity to alter their futures. The film stars John Cusack, Rob Corddry, Craig Robinson, and Clark Duke."
279,movie,2010,Prince of Persia: The Sands of Time,Mike Newell,"Disney's adaption of the video game of the same name. A dagger is used to turn back the clock; it has a grip made of crystal through which a special ""Sand of Time"" has to flow in order to create the time transition effect. The Prince (Jake Gyllenhaal) has to prevent someone from changing history."
280,movie,2010,Yu-Gi-Oh! 3D: Bonds Beyond Time,Kenichi Takeshita,"Series protagonist Yusei Fudo encounters Turbo Duelist Paradox, who is from the future, and who believes the only way to prevent his future from happening is to stop Duel Monsters from existing."
281,movie,2011,Ticking Clock,Ernie Barbarash,James is a guy from the year 2032 who comes back in time with a custom-made watch that is a time machine. He travels back in time to fix his life but fails.
282,movie,2011,Source Code,Duncan Jones,"Captain Colter Stevens (Jake Gyllenhaal) died in a helicopter crash and has been inserted in a computer program called Source Code which transfers him to the body of a deceased person for the last eight minutes of his life. He cannot change the past, since Source Code is not a time machine, but he can alter events and change the future to avoid a terrorist attack."
283,movie,2011,Midnight in Paris,Woody Allen,"While visiting Paris with his fiancee, an American writer (Owen Wilson) discovers a way to travel back to the 1920s, allowing him to mingle with and draw inspiration from historical greats such as Ernest Hemingway, F. Scott Fitzgerald, and Gertrude Stein."
284,movie,2011,The Man From The Future,Cláudio Torres,"A brilliant physicist spends 20 years developing a time machine, then he cames back in time and try to do everything different."
285,movie,2012,Safety Not Guaranteed,Colin Trevorrow,Comedy film inspired by a 1997 Backwoods Home Magazine classified ad by a person asking for someone to accompany him in time travel.
286,movie,2012,Men in Black 3,Barry Sonnenfeld,Agent J travels back in time to MIB's early years in the 1960s in order to stop an alien from assassinating his friend Agent K and changing history.
287,movie,2012,Looper,Rian Johnson,Criminal organizations abuse time travel to kill humans and avoid tracking of their bodies.
288,movie,2012,Quantum of Vengeance [4],Ben Wydeven,"In 1998, as a young girl, Emily Freeman witnesses her father being brutally murdered. 14 years later, her professor reveals that he has successfully built a time machine, which inspires her to go back in time and seek vengeance."
289,movie,2012,Dimensions [5],Sloane U’Ren,"Time travel, love and betrayal in 1920s England. A brilliant scientist becomes obsessed with revisiting his past - no matter what the cost. Jealousy, desires and greed surround him, clouding his judgement and sending him spiralling - towards madness."
290,movie,2013,The A.R.K. Report,Harry Moskoff,A short film. A young girl travels into the future in order to find the ancient Ark of the Covenant and prevent it from falling into the hands of an evil army.
291,movie,2013,About Time,Richard Curtis,"Tim's father tells his son that the men in his family have always had the ability to travel through time. Tim can't change history, but he can change what happens and has happened in his own life."
292,series,1951-1956,Captain Z-Ro,Roy Steffens,"Scientist Captain Z-Ro, working in his remote laboratory, safeguarded mankind and history from impending harm. He had a time machine, the ZX-99, both to view history and to send someone back in time."
293,series,1963-–,Doctor Who,-,"A Time Lord known as ""the Doctor"" travels through time and space in a TARDIS (Time And Relative Dimension In Space)."
294,series,1966-1967,It's About Time,Sherwood Schwartz,"Two astronauts who break the speed of light, accidentally travel back in time to prehistoric Earth. When they realise that they are unable to return, they make friends with the cave-people they encounter. Eventually, they are able to return, but inadvertently bring some of the cave-people with them who then have to learn how to get along in the 1960s."
295,series,1966-1967,The Time Tunnel,Irwin Allen,"The year is 1968, and Doug Phillips and Tony Newman are working on a top secret project beneath the Arizona desert called ""tic-toc"". The project has been 10 years in the making, and a visiting senator wants to see if this project really works, or he will cut the funding for it. To prove that it can work, Tony Newman turns on the time tunnel and goes back to the year 1912, and is on board the Titanic, which would sink hours later. Doug Phillips goes into the tunnel to help Tony, and both are stuck hapless in time. They are catapulted each week to a new adventure in history."
296,series,1970-1971,Catweazle,Richard Carpenter,11th century wizard accidentally ensorcels his way into the 20th. Humorous mistakes are made.
297,series,1970-1971,Timeslip,John Cooper,Two time traveling children visit both the past and future.
298,series,1979-1982,Sapphire & Steel,Peter J. Hammond,Two time traveling inter-dimensional agents protect and guard the order of time in this British drama.
299,series,1982-1983,Voyagers!,James D. Parriott,A member of a league of time travelers and a boy travel through time repairing errors in world history.
300,series,1988-1988,Moondial (TV serial),Helen Cresswell,"After a family tragedy, a young girl is transported into the past."
301,series,1988-–,Red Dwarf,Rob Grant & Doug Naylor,"Having been in suspended animation for 3 million years, Dave Lister leaves stasis as the last human being alive. The Red Dwarf (the ship he is on) is in deep space and travelling at nearly the speed of light. Time travel occurs in this incident, as well as on many other occasions in the series - usually into the past."
302,series,1989-1993,Quantum Leap,Donald P. Bellisario,"Dr. Sam Beckett (Scott Bakula) helped to develop Quantum Leap, a project that would allow a person to time travel back to any point since that person was born. Beckett ended up being the test subject, and while he could remember only certain details, he traded places with a person in the past. Others in the past saw the other person instead of Beckett. In the present, an observer named Al (Dean Stockwell), whom Beckett could see as a hologram, gave Beckett advice. This usually involved having Beckett correct some problem in the other person's life."
303,series,1990-1991,Bill & Ted's Excellent Adventures,-,Animated spin off of the movies Bill & Ted's Excellent Adventure and Bill & Ted's Bogus Journey
304,series,1991-1992,Back to the Future: The Animated Series,Bob Gale,Continues on from Back to the Future Part III.
305,series,1992-1993,Bill & Ted's Excellent Adventures,-,Live action spin off of the movies Bill & Ted's Excellent Adventure and Bill & Ted's Bogus Journey
306,series,1993-1999,Goodnight Sweetheart,Laurence Marks andMaurice Gran,"An accidental time traveller, Gary Sparrow, leads a double life after discovering a time portal allowing him to travel between 1990s London and wartime London of 1939–1945."
307,series,1993-1994,Time Trax,"Creators: Harve Bennett, Jeffrey M. Hayes, Grant Rosenberg·",A police officer from the 22nd century (Dale Midkiff) makes his way back to our time to track down fugitives from the future.
308,series,1994-1995,Mega Man (TV series),-,"In the episode ""Future Shock"", Mega Man is accidentally booted to the future by Dr. Light’s new time machine, where he discovers that because he wasn’t in the past to stop Dr. Wily, the evil scientist has taken over the planet. Mega Man must find his way back to his own time so that he can reverse this horrible future."
309,series,1997-2007,Stargate: SG-1,Peter DeLuise,"On their journeys through the Stargate, an elite special forces squad called SG-1 experiences time travel both to the past and future."
310,series,1997-1997,Crime Traveller,Anthony Horowitz,"Jeff Slade (Michael French) uses a time machine created by colleague Holly Turner's father to solve crimes. The machine operates seemingly-randomly, sending the user(s) back in time a time that can be a matter of minutes, or several days."
311,series,1998-2001,Seven Days,Christopher & Zachary Crowe,NSA Agent Frank B. Parker can travel back 7 days in a time machine powered by alien technology.
312,series,2000-2001,Mirai Sentai Timeranger,-,Four policemen travel from the year 3000 to the year 2000 to arrest fugitives.
313,series,2001-2005,Star Trek: Enterprise,"Creators: Rick Berman,Brannon Braga","Various species from the 30th century are having a ""Temporal Cold war"" that is interfering with life in the 22nd century, which affects the lives of the USS Enterprise (NX-01) and its crew."
314,series,2001-2004,Samurai Jack,Genndy Tartakovsky,"An ancient demon throws the hero Samurai Jack into the future, in order to allow himself enough time to conquer the world."
315,series,2001-2003,Time Squad,Dave Wasson,"Time cops from the year 1,000,000,000 A.D. travel back in time to keep famous historical figures from diverting the course of history. A Cartoon Network series."
316,series,2002-2004,Odyssey 5,"Manny Coto, David Carson",Astronauts (including Peter Weller and Sebastian Roché) are sent back in time after witnessing the end of the Earth from space.
317,series,2002-2003,Do Over,Rick Wiener and Kenny Schwarz,"Joel Larsen (Penn Badgley), a 34-year old man, gets a second chance to get his life right, thanks to a freakish accident that catapults him back to 1981, as a 14-year old. He is electrocuted, then wakes up in his teenage body, but with all his adult memories intact. Blessed with adult wisdom, though hampered by adolescent urges, Joel sets out to right the wrongs that will befall his family."
318,series,2002-2002,That Was Then,"Dan Cohn, Jeff Kline, Jeremy Miller","A 30-year-old who regrets a lot of his mistakes from the past finds himself back in high school, getting a chance to do some things over."
319,series,2003-2005,Tru Calling,Jon Harmon Feldman,"A young woman (Eliza Dushku) who works in the city morgue receives requests from corpses to stop their untimely deaths and then wakes up the day before, in order to attempt to save them."
320,series,2004-2004,5ive Days to Midnight,"Robert Zappia, David Aaron Cohen, Anthony Peckham and Cindy Myers",When college professor J.T. Neumeyer (Timothy Hutton) discovers a police file that outlines the details of his murder - which is to take place five days in the future - he wastes no time trying to save his own life.
321,series,2004-2010,Lost,Damon Lindelof & Carlton Cuse,"Desmond Hume, former Royal Scots Regimen, is caused by electromagnetic radiation to become ""unstuck in time."" His consciousness switches between 2004 (the present) and 1996. Benjamin Linus, former leader of the island natives, travels ten months into the future after moving the island. In Season 5, the characters on the island skip through time to different periods of the island's past and future."
322,series,2004-2009,Stargate: Atlantis,Martin Wood,"Both John Sheppard and Dr. Elizabeth Weir experience time travel when dealing with various ancient devices, among them the Stargate."
323,series,2004-2006,Phil of the Future,Tim Maile and Douglas Tuber,"A family attempts to repair their spaceship after being stranded in the past, or modern day, while maintaining the appearance of being normal people. Ricky Ullman starred."
324,series,2005-2007,Time Warp Trio,Executive producer: Jim Rapsas,"A children's cartoon where, using books, three children travel through time and space. Based on the books by Jon Scieszka."
325,series,2006-–,Torchwood,"Russell T Davies, Chris Chibnall,  Jane Espenson,  John Fay",Humans and aliens alike from different periods in time start to come through to our world by means of a rift in the space/time continuum. (Spin-off from Doctor Who.)
326,series,2006-2010,Heroes,Tim Kring,"Hiro Nakamura (Masi Oka) and Peter Petrelli (Milo Ventimiglia) can travel in time and space. This is the foundation for the plot of both series one and series two, in which apocalyptic disasters happen and the characters travel back and forth in an attempt to prevent them."
327,series,2006-2007,Life on Mars,"Matthew Graham, Ashley Pharoah, Tony Jordan, Chris Chibnall","A police officer, Sam Tyler (played by John Simm), must learn to adapt to the way things were done in the 70s after being thrown back in time by an accident. ( U.S. version of the series, Life on Mars, starring Jason O'Mara, aired in 2008–2009.)"
328,series,2006-2007,Transformers: Cybertron,,"The Autobot Vector Prime is a defender of spacetime, he saved your friends human using your power over time, did before of destroy them, by Megatron."
329,series,2006-2007,Day Break,Paul Zbyszewski,A cop must relive the day when his girlfriend gets murdered so that he can prevent it from happening. A suspenseful variation on the Groundhog Day concept.
330,series,2007-–,Phineas and Ferb,Dan Povenmire and Jeff Marsh,"In one episode, Phineas and Ferb ""fix"" an old model of a time machine at a museum which allows them to travel back to the age of the dinosaurs, and eventually back to the future again. In another episode, they used this same time machine again to travel into the future. This time, a much more complicated series of events followed, where their future sister follows them back through time and accidentally disrupts the normal course of various events, setting off a chain reaction that turns the future into a dystopian society."
331,series,2007-2011,Primeval,-,"Portals to different time periods start opening up and creatures from the past and future start to come through. There are indications that the portals are man-made, but their exact origin is shrouded in mystery."
332,series,2007-2008,Kamen Rider Den-O,-,The protagonists must work with and fight creatures known as Imagin who come from a possible future and have come back in time to kill the key figure to the Junction Point: a human whose sole existence ensures that the Imagin's future cannot exist. The Imagin grant wishes to weak-willed humans to travel farther back in time along that person's memories in order to find the Junction Point by destroying anyone and anything in their way to change the future.
333,series,2007-2007,Journeyman,"Kevin Falls, Matt McGuinness, Tom Szentgyorgyi","Dan Vasser is the main protagonist of the series, who finds himself jumping through time, unable to stop or control the jumps. Olivia ""Livia"" Beale is also a traveler from 1948 who jumps into the future. After not being able to jump home, she was stuck in Dan's present and adapted to life there, where she began a legal career and fell in love with Dan, only to finally jump back home while on the plane. For unknown reasons, she now jumps to the same times that Dan visits, and offers him advice and assistance in his missions."
334,series,2008-2010,Ashes to Ashes,"Matthew Graham, Ashley Pharoah, Julie Rutterford, Mark Greig, Jack Lothian","Spin off series from ""Life on Mars"" set in 1980s"
335,series,2008-2009,Kamen Rider Kiva,-,"Parallel storylines taking place in 1986 and 2008 are told, with two of the protagonists from the 2008 timeline going back in time to 1986. The latter time traveler goes back in time to attempt to prevent his birth such that his love may live, but instead ensures that his existence remains by saving his father from being killed by the series' antagonist."
336,series,2008-2012,Fringe,-,"In season 4 and 5 of Fringe, time travel is used by the Observers in means to take over human civilization in 2015. Olivia and her team are sent from the year 2015 to the year 2036 to fight off the Observers."
337,series,2008-2009,Terminator The Sarah Connor Chronicles,-,A female Terminator from the year 2027 comes back in time to 1999 to protect a young John Connor. They then use the time displacement equipment to move forward in time by 8 years to hide John. Various other Terminators are sent back in time on varying missions.
338,series,2009-–,Dinosaur Train,Craig Bartlett,"A T-rex named Buddy travels with his adopted Pteranodon family on the Dinosaur Train. The Dinosaur Train has the ability to visit the entire Mesozoic Era, the ""Age of Dinosaurs"", passing through magical Time Tunnels to meet the dinosaurs in the Triassic, Jurassic, and Cretaceous time periods."
339,series,2009-2009,Paradox (TV series),Lizzie Mickery,"Detective Inspector Rebecca Flint (Tamzin Outhwaite), Detective Sergeant Ben Holt (Mark Bonnar) and Detective Constable Callum Gada (Chiké Okonkwo) investigate images being broadcast to an eminent astrophysicist Dr Christian King's (Emun Elliott) laboratory, which appear to show catastrophic events in the future."
340,series,2009-2011,Being Erica,Jana Sinyor,"Erica Strange begins seeing a counselor to deal with regrets in her life, only to discover the counselor (Michael Riley) has the ability to send her back in time to actually change these events."
341,series,2009-2010,FlashForward,Brannon Braga and David S. Goyer,"FBI agent Mark Benford and the rest of the world fall victim to an incident that renders the entire population of Earth unconscious for two minutes seventeen seconds on 6 October 2009. During the ""Black Out"", as it is called, the consciousness of everyone on the entire planet shifts forward six months into the future to the date 29 April 2010, where they witness their potential futures that could occur that day."
342,series,2010-–,Mary Shelley's Frankenhole,Dino Stamotopolous,"Dr. Victor Frankenstein has since completely mastered immortality and now has also created an infinite number of Einstein-Rosen Bridge ""wormholes"" portals or ""Frankenholes"" between his small Eastern European village (which is teeming with monsters and supernatural forces) and every time period from the past and the future. This allows historical figures and celebrities seeking the doctor's services to find him. Although many classic horror monsters are present, the series' focus is mainly on Dr. Frankenstein and his family."
343,series,2011-2011,Hoops & Yoyo Ruin Christmas,-,"In a TV special, Hoops and Yoyo accidentally travel through a wormhole and meet Santa Claus when he was still Kris Kringle."
344,series,2011-2011,Puella Magi Madoka Magica,Gen Urobuchi,A mysterious girl named Homura Akemi is revealed to have made a contract with a being known as Kyubei to go back in time and save the titular character.
345,series,2011-2011,Terra Nova,-,"When Earth is threatened with extinction in 2149, specially selected humans travel back 85 million years in hopes of preventing disaster later. However, they arrive on a parallel version of Earth (This avoids questions around creating a paradox when time-travelling)."
346,series,2012-2012,Primeval: New World,-,A Canadian spin-off series to Primeval.
347,series,2012-–,Continuum (TV series),-,"Canadian science fiction series centres on the conflict between a police officer and a group of rebels from the year 2077 who time-travel to Vancouver, BC in the year 2012."
348,game,1991,Teenage Mutant Ninja Turtles: Turtles in Time,-,"As the TMNT reach the Technodrome, Shredder sends the m through a time warp through the past (Age of Dinosaurs, a pirate ship in 1530 AD, a train in the American West in 1885 AD) and the future (New York City in 2020 AD and a Star Base in 2100 AD) before they can go back to their present in 1991."
349,game,1993,Maniac Mansion: Day of the Tentacle,-,"In order to prevent Purple Tentacle from growing a pair of arms and subsequently enslaving humanity, students Bernard, Laverne and Hoagie attempt to travel one day back in time in Dr. Edison's Chron-o-Johns, time machines housed in portable toilets. During the trip, the machines malfunction and strand Hoagie and Laverne 200 years into the past and future respectively. Players control each character in his/her own time zone (past, present, future), meeting historical figures and progenitors/descendants of some characters; the goal is to return Hoagie and Laverne to the present and prevent Purple Tentacle's world domination."
350,game,1995,Chrono Trigger,-,A group of heroes from different eras travel back and forth through time in an attempt to prevent the end of the world in the year 1999.
351,game,1998,Crash Bandicoot: Warped,-,Crash Bandicoot is sent to various points in time to retrieve relics.
352,game,1999,Vigilante 8: 2nd Offense,-,"A car combat game and Sequil to Vigilante 8 Time Travel plays a big role in this games storyline. as well as one character ""Agent Chase"" using a weapon that momentarily freezes time for anything his weapon hits. the future vehicles and time travel systems used in the game appear to be very much inspired by Back to the Future."
353,game,2000–2005,TimeSplittersseries,-,"At the series' core is the struggle of human beings against the TimeSplitters, a race of aliens that attempt to exterminate humanity by altering its past. The first game in the series took the perspective of several characters fighting off the TimeSplitters in their own eras. The second game added two central protagonists, Sgt. Cortez and Corporal Hart, soldiers from 2401 who traveled to different eras to fight the TimeSplitters. Future Perfect placed a heavier emphasis on a linear story, cinematic cutscenes and character-based humor, and follows Cortez as he teams up with characters against the TimeSplitters and a new, human antagonist, mad scientist Jacob Crow. The ending of Future Perfect implies a definite conclusion to the plot, although a fourth game has been in development hell since 2007."
354,game,2001,Shadow of Memories(US: Shadow of Destiny),-,"The protagonist, Eike Kusch, is murdered at the start of the game by a knife stab on the back. He is saved from death by an unknown entity who gives him a time travel device, called a digipad, that can be used to send Eike back to a pre-determined point in time, allowing him to take actions in order to prevent his death. After being sent back 30 minutes, Eike succeeds in preventing his stabbing, only to find that he is killed in some different manner, starting the time-travel cycle again. During the course of the game, Eike travels to several time periods as far back as medieval times, gradually uncovering the connection behind the attempts on his life, the mysterious being who saves him and his own past. The game features several possible endings, depending on the player's actions and choices that alter the timeline."
355,game,2007,Timeshift,-,"Scientists from the near future have begun work on creating a viable time machine. The project results in the creation of two devices, the Alpha Suit, a less advanced prototype jump suit, and the Beta Suit, a more advanced, so-called military grade model with features the Alpha Suit lacks such as combat-related timeshifting abilities and an integrated artificial intelligence to prevent the creation of temporal paradoxes. The protagonist, a fellow scientist whose name is never spoken (never mentioned in the game or manual), then takes the Beta Suit and follows Dr. Krone back to the year 1939 (in an alternate timestream) to a place called Alpha District. During the trip parts of the Beta suit are damaged, forcing the protagonist to assist the Occupant Rebellion against Dr. Krone in hopes of salvaging parts from the Alpha suit."
356,game,2007–present,World of Warcraft,-,Many quests are available to players which bring their character's mind and/or body back in time.
357,game,2008,Braid,-,Braid is a platformer art game where the player manipulates time in a variety of creative ways to solve puzzles. Braid's story also deals with the subject of time travel in a way similar to the relationship portrayed in Eternal Sunshine of the Spotless Mind
358,game,"JP: 2008, US: 2010",Professor Layton and the Unwound Future,-,"The Third in the Professor Layton series, set between London Present and 10 years later. Layton receives a letter from Luke ten years in the future. and it is connected by a failed time Machine Demonstration and the missing Prime Minister of the UK"
359,game,2010,Back to the Future: The Game,-,"The game takes place six months after the events of the film Back to the Future Part III and sees Marty McFly, the protagonist of the series, trying to adjust to a life without his best friend, scientist Doctor Emmett ""Doc"" Brown, whose belongings are being sold off by the bank following his disappearance to an unknown time period. Out of nowhere, an intact duplicate of the destroyed DeLorean time machine appears in front of Marty, and hints and notes inside instruct him to come to Doc's rescue, who is stranded in the year 1931, during the time of Prohibition. The game's series follows the events of Marty and Doc trying to repair hellish timelines created by their past attempts."
360,game,2010,Achron,-,RTS tme travel game – if you lose a skirmish you can travel back to before it happened and avoid or fix it. But so can your opponents. http://www.achrongame.com/site/
361,game,2012 (2011 in Japan),Final Fantasy XIII-2,-,"The two characters, Noell Kress and Serah Farron, must travel across time through special gates, unlocked with ornate statues. Their goal is to fix the timeline, which has been disturbed by their antagonist Caius Ballad to instigate the end of time itself."
362,game,2011,Steins;Gate,-,"The main character, Rintaro Okabe, invents a microwave with his friends that can send text messages into the past. This causes him to travel between ""world lines"", where he find out that in the ""alpha world line"" that by the year 2036, the world is a dystopia ruled by SERN (based on ""CERN"") and he has to travel back into the ""beta timeline"" in order to stop the world from becoming a dystopia after being warned by a time traveler using the name ""John Titor"", but once he reaches the ""beta timeline, he has to travel to the ""Steins;Gate"" timeline in order to prevent World War III."
363,game,2013,BioShock Infinite,-,Bioshock Infinite's Plot is based around both time travel and the many-worlds interpretation of Quantum physics.
